{"cameraMode":{"drawMode":0,"name":"Shaded","section":"Shading Mode"},"sceneLighting":true,"audioPlay":false,"sceneViewState":{"showFog":false,"showMaterialUpdate":false,"showSkybox":false,"showFlares":false,"showImageEffects":true,"showParticleSystems":true},"in2DMode":false,"pivot":{"x":520.0606689453125,"y":290.7027282714844,"z":3.591552734375},"rotation":{"x":0.0014997693942859769,"y":0.004148063249886036,"z":0.0000034162724205089036,"w":-0.9999902844429016},"size":285.98773193359377,"orthographic":false}